INSERT into customers (customer_id, first_name, last_name, address, city, state, zip)
VALUES
(1,
'John',
'Doe',
'123 Elm St',
'Toronto',
'ON',
'M4B1B3'),
(2,
'Jane',
'Smith',
'456 Maple Ave',
'Ottawa',
'ON',
'K1A0B1'),
(3,
'Michael',
'Johnson',
'789 Oak Dr',
'Montreal',
'QC',
'H1A1A1'),
(4,
'Emily',
'Davis',
'101 Pine Rd',
'Calgary',
'AB',
'T2A0A1'),
(5,
'David',
'Wilson',
'202 Birch Blvd',
'Vancouver',
'BC',
'V5K0A1'),
(6,
'Emma',
'Clark',
'505 Cedar St',
'Halifax',
'NS',
'B3H0A1'),
(7,
'James',
'Martinez',
'606 Spruce Ln',
'Winnipeg',
'MB',
'R3C0A1'),
(8,
'Olivia',
'Garcia',
'707 Fir St',
'Edmonton',
'AB',
'T5A0A1'),
(9,
'William',
'Lopez',
'808 Redwood Dr',
'Victoria',
'BC',
'V8W0A1'),
(10,
'Ava',
'Anderson',
'909 Cypress Ave',
'Quebec City',
'QC',
'G1A0A1'
)

INSERT Into Accounts (account_id, customer_id, account_type, balance)
VALUES (1,
2,
'Savings',
1000.50),
 (2,
4,
'Checking',
2500.75),
 (3,
6,
'Savings',
1500.00),
 (4,
8,
'Checking',
3000.25),
 (5,
10,
'Savings',
500.00),
 (6,
1,
'Checking',
1200.50),
 (7,
3,
'Savings',
800.75),
 (8,
5,
'Checking',
2200.00),
 (9,
7,
'Savings',
900.25),
 (10,
9,
'Checking',
1800.50)

INSERT INTO transactions (transaction_id, account_id, transaction_date, transaction_amount, transaction_type)
VALUES(1,
2,
'2024-01-01',
100.50,
'Deposit'),
(2,
4,
'2024-01-02',
200.75,
'Withdrawal'),
(3,
6,
'2024-01-03',
150.00,
'Deposit'),
(4,
8,
'2024-01-04',
300.25,
'Withdrawal'),
(5,
10,
'2024-01-05',
250.00,
'Deposit'),
(6,
1,
'2024-01-06',
175.00,
'Withdrawal'),
(7,
3,
'2024-01-07',
225.50,
'Deposit'),
(8,
5,
'2024-01-08',
275.75,
'Withdrawal'),
(9,
7,
'2024-01-09',
325.00,
'Deposit'),
(10,
9,
'2024-01-10',
375.25,
'Withdrawal')

INSERT INTO Loans (loan_id, customer_id, loan_amount, interest_rate, loan_term)
VALUES (1,
2,
10000.50,
5.5,
36),
(2,
4,
20000.75,
4.5,
48),
(3,
5,
15000.00,
6.0,
60),
(4,
6,
30000.25,
3.5,
24),
(5,
7,
25000.00,
5.0,
36),
(6,
1,
17500.50,
4.0,
48),
(7,
3,
22500.75,
6.5,
60),
(8,
10,
27500.00,
3.0,
24),
(9,
8,
32500.25,
5.5,
36),
(10,
9,
37500.50,
4.5,
48)

INSERT Into loan_payments (payment_id, loan_id, payment_date, payment_amount)
VALUES (1,
4,
'2024-01-01',
100.00),
(2,
3,
'2024-01-02',
150.00),
(3,
6,
'2024-01-03',
200.00),
(4,
8,
'2024-01-04',
250.00),
(5,
1,
'2024-01-05',
300.00),
(6,
7,
'2024-01-06',
350.00),
(7,
5,
'2024-01-07',
400.00),
(8,
10,
'2024-01-08',
450.00),
(9,
2,
'2024-01-09',
500.00),
(10,
9,
'2024-01-10',
550.00)